Index,Customer Id,First Name,Last Name,Company,City,Country,Phone 1,Phone 2,Email,Subscription Date,Website
1,0yJn77tfsE,Stephanie,Fuentes,"Gillespie, Chapman and Evans",West Alexfort,Falkland Islands (Malvinas),+1-940-986-3836x4639,323-571-0575,roger59@michael.com,2020-05-01,http://www.lyons-stokes.com/
2,Hra1WmR9Po,Pedro,Gallagher,"Peterson, Hammond and Mathews",North Lydiaport,Cocos (Keeling) Islands,471-230-5797x8855,965-338-5154x6484,sawyerbarbara@bush.info,2023-04-11,http://www.montes.com/
3,8lx51Qhdi6,Sabrina,Blake,Miranda and Sons,New Colton,Honduras,+1-380-937-3274x28965,634.731.3884x537,chris47@bennett.biz,2025-07-19,http://www.castaneda.info/
4,B3gClcL1Po,Pedro,Rubio,Bradley-Wong,New Kristopher,South Georgia and the South Sandwich Islands,(818)877-7517,6618384328,kristennelson@berger.com,2021-10-28,https://erickson.com/
5,3G5SUK3TxV,Alice,Howe,Jordan-Ingram,Garciamouth,Papua New Guinea,261.627.9677x4648,(802)411-9292,richardsonstephen@weiss-clarke.org,2024-10-28,http://hall-sosa.org/
6,XM5OZuE8Iv,Frances,Yates,"Dennis, Byrd and Abbott",Ponceton,Spain,(534)997-7624x626,(688)366-4237,charlottepratt@olson.com,2020-09-30,https://arnold-mcknight.com/
7,NQMhc29550,Kaitlin,Morrow,Barker Group,East Traci,Monaco,(284)766-2527x223,001-367-429-8545x54065,peterrose@mcintyre.com,2023-09-09,http://mcdonald.com/
8,6FQIZQsHWE,Nicolas,Shea,"Mcbride, Phelps and Chase",North Kellie,Marshall Islands,443.565.6769,579-288-6216x54865,nfarmer@davila.com,2023-06-13,http://mcgrath.com/
9,bZ7OiH0w6d,Sandra,Jennings,Contreras Ltd,Port Cody,Switzerland,+1-704-504-2914x567,449.626.4757,monroemikayla@rubio.com,2023-12-18,https://www.hancock-dawson.org/
10,CwIOEhuehk,Caleb,Nunez,"Baldwin, Frazier and Hill",South Melvinville,Guyana,(417)999-0933,908.869.2829x840,ggrimes@vincent.com,2020-05-14,http://wall.com/
11,Qlby3wHsWV,Dan,Huff,"Pierce, Webb and Nunez",Marcobury,Bermuda,908.974.7957x16880,001-776-638-9587x45272,marcusday@knox.com,2025-01-18,http://yu.com/
12,9ym0Ibhnu7,Chris,Andrews,King Ltd,Coryview,Burundi,218-205-9848,629-774-1190x125,jademcdaniel@noble.com,2020-11-10,http://coffey.net/
13,HE3oN9jbjp,Derek,Rivas,Petersen Ltd,Phillipshire,Guinea-Bissau,386.461.7884,+1-660-707-1479x30375,wongluke@moon.com,2024-02-27,https://miles.biz/
14,Quns2vHVAK,Steve,Lucas,Salas-Norton,Jocelynmouth,Switzerland,500.736.0711,+1-593-587-8611x09891,terrence11@duncan.org,2020-10-26,https://www.pham.com/
15,4XDi2shBrV,Isabel,Wood,"Bender, Alvarez and Grimes",Lake Erika,Lesotho,314-730-6574x3739,819.372.6151,connerlori@escobar.net,2022-04-02,https://www.dudley.com/
16,sB1grZf64o,Alec,Johns,Richards PLC,South Don,Hong Kong,930-509-6144,+1-745-215-4914x722,katie36@logan.com,2021-04-20,https://bowen-acosta.org/
17,93stIT7u63,Travis,Golden,Mercer PLC,Terrybury,United Arab Emirates,+1-325-257-9283x117,001-996-673-6922,felicianunez@wilcox.com,2023-05-18,https://www.watkins.net/
18,wQlWR7tWy1,Tonya,Vance,Fuller-Frost,South Sue,Canada,567.637.3568,608.863.7548x608,oholder@jones.com,2024-11-27,https://www.rivera.biz/
19,i19wSuFWDN,Natasha,Nixon,Sanford PLC,Lake Warren,San Marino,001-476-399-5297x14954,001-303-273-7772,kathleenmiddleton@cordova.com,2020-07-22,http://www.tanner.biz/
20,2buwbFVikV,Cory,Curtis,Jackson-Duffy,Leonberg,Niue,586.842.1834,001-784-754-5156x615,knappdeborah@chandler.biz,2024-12-04,https://www.perry.org/
21,NZNiSYqO39,Joan,Leonard,Mcneil LLC,Fritzhaven,Montserrat,321.232.6618,001-789-427-5618x706,lonnie07@pena.com,2021-12-23,https://www.ryan.org/
22,qXTJ9PqlNY,Bobby,Hodge,Knox Ltd,Austinmouth,Austria,(870)306-3920x88656,+1-813-484-2849x545,emmalong@lloyd.info,2024-08-12,https://welch.com/
23,bSmV5nSYcw,Cesar,Tucker,Simpson LLC,South Nicholeside,Sierra Leone,730-771-4304,554-904-1875,benjaminchase@gallegos.info,2025-07-28,http://www.curry.com/
24,sihNXpxZhv,Bob,Ward,Herman Ltd,Lake Sheryl,Grenada,3169278765,6385203978,michele51@mooney.com,2021-06-27,https://maynard.com/
25,jUjbHvzXrm,Levi,Serrano,Charles-Holland,South Tim,Venezuela,(892)851-0734,+1-917-231-0183x399,bestwalter@meadows.com,2024-02-26,http://www.kline.net/
26,HXGParP6c8,Bryce,Becker,"Lawson, Cherry and Harrell",Darryltown,Micronesia,+1-986-684-6828,629-748-0729x451,odavid@nash.biz,2024-10-21,https://www.bridges.com/
27,7q5uMVdiEy,Abigail,Hester,"Black, Mcintosh and Reese",New Jamiehaven,Argentina,675-715-7056x116,(251)359-3659x651,catherine70@perez.biz,2024-11-05,https://www.nguyen.com/
28,DAjgcdKwwL,Devon,Kirby,"Washington, Mccann and Frazier",West Sonyachester,Tunisia,001-937-386-0547x652,(209)401-8540x913,mstone@stokes.com,2023-08-02,http://www.lozano-munoz.info/
29,zbt5y0elh0,Edgar,Barajas,Villanueva Ltd,West Sheena,Denmark,(827)677-5234,001-720-618-1986x4847,irwindeborah@cunningham.org,2022-07-09,https://www.larson-cooper.com/
30,xPAAyVXeXs,Chris,Pena,Barry Inc,North Nathanchester,Central African Republic,745-284-7472,715.736.2740x1678,joshuavang@melton.com,2023-12-14,https://www.giles.com/
31,DA21eOAU0t,Jesus,Mcdowell,"Foster, Yoder and Ballard",New Cristina,Zimbabwe,444-885-7440x0492,4424613858,bowencolleen@buck-arnold.com,2021-03-18,https://www.kirby.biz/
32,cqp6NWG0Ku,Bianca,Esparza,Barajas and Sons,South Jamieton,Tuvalu,001-203-511-5293x61333,(201)258-8241x821,eric29@nielsen.org,2023-12-06,https://www.sherman.com/
33,O4XrPQNHDX,Brett,Carroll,Hendrix-Vang,New Anamouth,Afghanistan,001-700-988-8336,(252)333-9432,francis20@odonnell.com,2023-05-02,http://ferguson.org/
34,7tTCUofHCU,Taylor,Rose,Avila-Mclean,Lake Darin,Philippines,001-955-689-8176,451.998.1648x301,felicianunez@rush.biz,2024-01-06,http://carter.com/
35,1JacquRylQ,Cheyenne,Wilkerson,Rivers and Sons,New Kylie,Romania,254.900.0201x9759,788.287.3414,tamiblankenship@villarreal-buckley.com,2023-11-02,http://weiss.net/
36,v1FWdDkYSp,Martha,Mosley,"Acosta, Duarte and Horton",Juliafort,Slovenia,001-612-638-6884x2155,(703)264-9434x7443,aburton@pruitt-sawyer.com,2025-08-03,https://www.sutton.com/
37,iT9Bol6fUt,Karla,Fleming,"Donovan, Beard and Mcdonald",Barnettchester,Ukraine,(840)545-6898x917,+1-947-742-2916x6992,ifitzgerald@ibarra.biz,2020-09-17,http://www.griffin.info/
38,cPfTTemqxF,Brittany,Tapia,Carr Ltd,Ortizville,Niger,001-664-291-0468x06417,661.375.1459x73045,edwardchambers@reese.com,2023-01-30,http://cobb-waller.com/
39,IyTai2x0yD,Kaitlyn,Duffy,"Hunter, Juarez and Randall",East Kirkhaven,Ghana,467.811.7711,(701)842-2083,teresa90@luna.com,2020-04-08,https://www.mahoney-church.com/
40,7vJiuzTEhN,Bradley,Huber,"Lucas, Garner and Cuevas",South Derrickberg,Ireland,236-677-7713x5913,(872)564-7683x012,boothdebbie@mitchell.com,2022-07-22,https://massey.org/
41,QkwWepN9yx,Yolanda,Ponce,Rojas-Lucas,North Alfredport,Swaziland,214-283-3747x641,2713288171,brandy41@roth-rich.info,2024-10-28,http://www.andrade.com/
42,oWMQbZGrsi,Wyatt,Rubio,Sullivan Ltd,Collinschester,Northern Mariana Islands,591.626.2132x8582,+1-800-926-4809x87967,miguel70@mullen-stanton.com,2021-02-25,http://www.ballard.org/
43,4aoH47XSH9,Dorothy,Garrison,Patterson-Martin,Marshhaven,Uzbekistan,582.332.1900x26909,9127391298,brittany40@raymond.net,2023-04-08,https://www.kirby.com/
44,JZUQJm0wWP,Kendra,Barrera,Munoz LLC,Lake Lisa,Niue,624.942.5937,532-228-3041x928,nina30@bond.com,2021-08-14,http://roach.com/
45,trIZhHwgT9,Brendan,Warren,Brandt-Zimmerman,Colleenstad,Slovakia (Slovak Republic),992.590.5933x8855,(590)478-5725x3358,spacheco@shelton-galvan.net,2021-02-22,https://calhoun.net/
46,VW38XWZzL3,Daniel,Wiley,Holden LLC,East Donald,Italy,513-771-8842,285.673.4047,rhorton@powers.com,2021-07-06,https://robbins-fry.com/
47,I41P5zG7KK,Dylan,Powell,Larson-Whitehead,South Stanleyborough,Bangladesh,+1-448-699-6021,(548)931-7917,estesclaudia@price.com,2023-02-24,https://shah.com/
48,X6MsMRYFoN,Lydia,Kidd,Strong-Simpson,South Caitlinfurt,Myanmar,559.510.4920x5564,868-718-5919,christygalvan@hancock.biz,2021-03-31,http://www.hanson.com/
49,xlIqyoa8Tf,Casey,Conway,"Henry, Vasquez and Cox",West Desiree,Uzbekistan,001-526-696-7794,259-342-1255x716,shahgrant@rosales.com,2022-08-15,https://grant-zhang.biz/
50,N1t7bbJ9TF,Warren,Blair,Jordan LLC,New Blakefurt,Cameroon,376.332.9988,432.368.2016,rneal@mora.org,2021-02-13,https://norris.net/
51,RnaBAKdhV8,Janet,Arias,Schroeder-Kirby,Port Veronica,Samoa,967.868.8381x82289,+1-400-317-6259x69069,vincentmathews@adkins-wiggins.com,2025-04-26,http://small.info/
52,CT4RBAh7Rp,Alexandria,Blake,Oliver Inc,East Gina,Belgium,799-524-1988,(516)331-4856,kathylam@lyons.com,2022-05-28,http://kim.info/
53,k0DZQQO6MY,Marco,Cook,Werner Ltd,Robertaland,San Marino,918.623.8750x82729,(411)368-9254,lkent@torres.info,2022-07-11,http://newman.net/
54,LdWkabqJhc,Deanna,Cameron,Michael Group,Port Ian,Taiwan,(624)834-4086,001-972-922-1756x3718,sanfordmeghan@nixon-gonzalez.info,2024-11-26,http://fischer.net/
55,rVJD6kYpRW,Joy,Odonnell,"Webb, Jennings and Escobar",Lake Eugene,Spain,334-853-1997x7221,(324)410-6166,ronaldwarner@adams.net,2024-10-29,http://lozano.com/
56,fahoKF5kLC,Tanner,Strickland,"Washington, Wolf and Gibson",North Misty,Korea,596.664.3896x568,001-638-251-0043,zmccullough@gregory.com,2023-02-08,https://www.mccarthy.biz/
57,HmdfgkzNlX,Arthur,Sanchez,Carney-Irwin,New Louis,Congo,(331)733-2339x12215,(495)286-2209,jean28@frost.com,2024-05-10,https://harris.com/
58,wKY7oRhNIg,Kristina,Ross,Curry PLC,Bowersville,Micronesia,+1-626-247-9752x297,962-417-8366,tamirangel@duffy-sheppard.com,2022-09-09,https://www.quinn-mathis.com/
59,eZ1PoE1E6O,Kelsey,Mcfarland,Richardson Ltd,Peckburgh,Belgium,+1-618-536-8211x095,296-469-0036x53001,kenneth58@mercer.com,2025-05-31,http://velasquez-jenkins.com/
60,FU3a7d88JC,Gilbert,Newman,Benton LLC,South Isaiah,Guyana,+1-485-471-4383x133,001-866-636-0690x99652,andrea36@meyers.info,2020-03-01,https://nielsen-farrell.net/
61,CMXT2DpboF,Jason,Jones,Velazquez Inc,Mackville,Myanmar,(849)509-2805x400,797.260.2821x89542,chungsharon@gamble-stout.org,2020-01-27,https://www.lam.com/
62,sBV1gCMG3U,Joe,Ortiz,Hart-French,North Helenfurt,Swaziland,(780)895-1103x29463,673-833-2012,whitakerjackie@wilkerson.com,2020-02-17,https://velasquez-stone.com/
63,73k7DSdVZN,Norma,Mayo,"Wang, Mercado and Choi",Lake Dannyfurt,Wallis and Futuna,(417)557-6986,664.341.6149x36640,kaisersarah@ramos.com,2024-10-18,http://cantu-banks.org/
64,avaudf4dVV,Kaitlyn,Jones,Ortega-Hudson,Kimmouth,Rwanda,(816)372-5507x37173,755-302-5389x31121,cooketerrance@poole.org,2021-10-20,http://melton-shaffer.org/
65,sMXurLzXvy,Yvette,Santos,"French, Blackwell and Ibarra",Mirandahaven,Ethiopia,001-727-650-9129,(421)372-9877x756,vgraham@thompson-mueller.org,2021-06-19,http://www.fleming-jones.com/
66,c3e9nV19wN,Karen,Jones,Pace Inc,South Ronnietown,Fiji,001-440-338-0151,+1-882-221-9960x874,nelsonpeggy@goodwin.biz,2022-11-17,https://www.cunningham.net/
67,13auFxcUsv,Judith,Shepherd,Whitney-Stafford,Lorettaborough,Saint Kitts and Nevis,9425381569,+1-976-609-7729x1283,craig53@orozco.com,2021-12-29,https://montoya-christian.org/
68,dM7r7Epd8H,Jamie,Lindsey,Kidd-Douglas,Fernandezfurt,Rwanda,001-414-839-3127,001-910-200-1698x0555,gillespiebarbara@serrano-cameron.com,2020-02-27,http://frank.biz/
69,BD4p1wM2Xi,Lacey,Melton,Ali Group,Eduardoside,Norway,332-994-0755x670,(408)518-8015x2832,haynesmackenzie@lee-durham.net,2020-06-23,https://www.mccullough-hurley.biz/
70,fck6RC4R4t,Tracie,Cannon,Barnes and Sons,Pottston,Peru,001-997-529-0498x989,749.546.3995x3633,kirkeric@levine.com,2024-08-28,https://dawson.biz/
71,SBGeleV9DN,Joe,Hood,Lambert and Sons,Rochastad,British Virgin Islands,+1-360-468-7071,(472)256-6317x77002,nichole41@summers.com,2020-12-14,http://guerra.biz/
72,IqhRcDP5QE,Jack,Yu,Fletcher-Chang,South Darrylview,Mayotte,001-735-659-1782x6671,5264869355,skinnerkurt@mccann.com,2021-04-15,http://www.garner-bowers.com/
73,D08ULCZ3Wv,Latoya,Goodwin,Roman Group,Maxwellville,Australia,(713)287-0669,+1-774-384-8780x682,cummingscarl@brady-fowler.com,2020-11-17,https://riggs.com/
74,NYHI4wCkCn,Robin,Lawrence,Hodge-Brandt,Sweeneyburgh,United States Minor Outlying Islands,(888)299-0719,(996)353-0003x658,haaspamela@quinn.com,2021-03-10,http://www.aguirre.com/
75,shDoP9PVv8,Christy,Haney,"Bartlett, Montgomery and Pollard",New Jenna,Korea,7885598919,682.791.4085x71080,jdawson@terry.com,2021-02-06,https://www.rowland-krause.com/
76,oEA5tKhc02,Yesenia,Carr,"Parker, Shepard and Nolan",West Corey,Mexico,379.400.0818x85767,732.443.7984x882,millscrystal@patterson-mcgrath.info,2021-02-22,http://www.peck.biz/
77,vi1N9PZGWd,Christopher,Perez,Tapia-Green,Burnsborough,Austria,(964)289-7925x9095,488.777.4132x0099,andresarellano@booth.com,2023-07-07,http://www.sanford.org/
78,ff8Qvs0lKw,Jade,Levy,"Beltran, Jimenez and Roman",Port Nicholashaven,Kazakhstan,001-411-668-1972x5130,001-310-822-1042x013,zfrancis@webb.net,2020-10-05,http://www.orozco.com/
79,Igyb4G3wjm,Duane,Beltran,Coleman-Franklin,Barryside,Georgia,001-284-408-1589x42924,(326)932-5815x52546,bburton@gordon.biz,2022-04-17,http://www.castaneda.biz/
80,jo4VilGuPk,Cheyenne,Vincent,"Leon, Burnett and Li",Sharpport,Lebanon,+1-682-908-4192x51372,859.642.4663,krista37@peters-grimes.org,2022-07-17,http://escobar.org/
81,TyMLWmgcAr,Joanne,Patel,"Mercer, Mercado and Landry",Sharonview,Northern Mariana Islands,7488255589,+1-424-854-6444x452,kent15@keller.com,2024-09-10,http://www.davidson.net/
82,2IrVsOPBtY,Bryan,Wall,Johnson PLC,North Wendyton,Uzbekistan,(923)641-5705,690.785.7540x76506,fturner@beck.com,2021-02-26,https://evans.com/
83,SgBJAtOZ3j,Warren,Galvan,Prince-Decker,Johnsonmouth,Kuwait,838.753.7054,+1-806-448-8266x125,isaac79@gray.com,2020-07-11,https://winters-espinoza.biz/
84,VH2nIjmM2f,Dave,Cameron,Berry-Spencer,Calhounborough,Bosnia and Herzegovina,+1-250-292-6226x78997,+1-381-960-8004x3955,gabriellewilkinson@harper.com,2020-05-02,http://warner.com/
85,y1es4OkGKL,Charlotte,Miranda,Newman PLC,Lonnieside,Sierra Leone,615-584-1582x40243,362-561-5622,glencollins@estrada.com,2022-08-11,https://www.keith.info/
86,IMgWf4FQli,Isaiah,Beard,Hancock and Sons,Griffithshire,Sao Tome and Principe,345-238-4001x10500,001-340-732-0824x32488,jacquelinehansen@madden.com,2025-06-02,https://macias.com/
87,omuMkIMJAW,Neil,Kelley,Grant Ltd,Port Joannashire,Latvia,917-217-3977x5632,3332077981,montgomeryvincent@mccullough.com,2020-09-26,http://hicks-cortez.com/
88,eBnoarOyh5,Adrienne,Wood,Shields Group,Port Kellyfurt,Nepal,911-810-1011,220-903-8410x1865,mcdanieljoan@robertson.org,2021-08-22,https://www.lynn.com/
89,vs3zqpJChd,Sonya,Lucas,Larsen-Cantu,Howeton,Rwanda,(995)723-4758x51803,+1-570-964-5356,xcrawford@carrillo-larsen.com,2023-04-19,http://finley.com/
90,tR2RaL42sZ,Vernon,Scott,"Blankenship, Wolfe and Buckley",West Kiara,Monaco,001-651-408-5391x93154,(738)355-1413x2628,kennedyelizabeth@mora.com,2021-07-27,http://www.schultz.net/
91,Pj0RnNnpWb,Logan,Palmer,"Wells, Reynolds and Snyder",East Anita,New Zealand,525.637.0762x6419,282.372.6434x5418,darryl37@mcintosh.com,2025-01-29,http://beasley.com/
92,etPa5YyPPB,Briana,Keller,Obrien-Lyons,Chloefort,Cayman Islands,302.778.7984x534,249-397-0546,rivascesar@archer-newman.com,2024-03-28,http://cooper.com/
93,21jsPolXo7,Mallory,Mccall,English Ltd,Perryfort,Nicaragua,613-633-0171x364,+1-754-886-2865x07881,franklin39@hampton.net,2022-11-05,http://suarez.com/
94,xg5sQypH6x,Lindsey,Huffman,"Villanueva, Golden and Malone",Vangfort,China,6543494052,899-608-0039,billyduarte@rubio.com,2021-10-28,https://stark.com/
95,12n4BWyzQn,Nathan,Mosley,"Price, Marshall and Jensen",Annettefurt,Sao Tome and Principe,829-440-5344,(787)308-1747x841,gaydale@delgado.org,2023-06-22,https://www.costa.com/
96,aVuMnLRD6l,Ariana,Pratt,Irwin-Arellano,New Alexis,Syrian Arab Republic,(417)251-3013x3537,(289)826-4976x474,linallison@gibbs.biz,2023-03-08,http://thornton-quinn.com/
97,k9MRig8kQG,Traci,Bailey,"Russell, Hester and Guerra",Grantmouth,Spain,394-207-0252,294.747.2031,vsimon@norman-morales.com,2021-10-13,http://www.holmes.com/
98,7yW5wKWoZH,Colin,Perez,Wong-Townsend,South Sylvia,Namibia,519-341-6342,001-878-294-9375x167,nealgregg@odom.com,2023-11-23,https://cruz.com/
99,3yUofjQp4k,Miguel,Morales,Thornton Inc,West Ray,Guadeloupe,200-941-6767,001-742-817-5401x235,bryce73@neal.com,2021-05-17,https://morgan-mathews.com/
100,UdWhqCAhWZ,Colleen,Horne,"Santos, Cox and Bishop",South Dominic,Solomon Islands,268-222-6250,001-262-287-3345x947,collin01@bauer.biz,2025-05-29,https://lloyd.com/
